"intercept","min_phred","min_length","count_sd","aligner_kallisto","aligner_salmon","aligner_STAR","trim_poly_g_X1","trim_poly_x_X1","min_phred_x_min_length","min_phred_x_aligner_kallisto","min_phred_x_aligner_salmon","min_phred_x_aligner_STAR","min_phred_x_trim_poly_g_X1","min_phred_x_trim_poly_x_X1","min_length_x_aligner_kallisto","min_length_x_aligner_salmon","min_length_x_aligner_STAR","min_length_x_trim_poly_g_X1","min_length_x_trim_poly_x_X1","aligner_kallisto_x_trim_poly_g_X1","aligner_kallisto_x_trim_poly_x_X1","aligner_salmon_x_trim_poly_g_X1","aligner_salmon_x_trim_poly_x_X1","aligner_STAR_x_trim_poly_g_X1","aligner_STAR_x_trim_poly_x_X1","trim_poly_g_X1_x_trim_poly_x_X1"
1,24,39,2316.14168333884,0,1,0,0,0,936,0,24,0,0,0,0,39,0,0,0,0,0,0,0,0,0,0
1,23,49,2226.86126937902,1,0,0,1,1,1127,23,0,0,23,23,49,0,0,49,49,1,1,0,0,0,0,1
1,28,32,2225.52127120442,1,0,0,0,0,896,28,0,0,0,0,32,0,0,0,0,0,0,0,0,0,0,0
1,20,42,2230.20696600058,1,0,0,1,1,840,20,0,0,20,20,42,0,0,42,42,1,1,0,0,0,0,1
1,23,50,2226.86126937902,1,0,0,1,1,1150,23,0,0,23,23,50,0,0,50,50,1,1,0,0,0,0,1
1,21,36,2234.68590517241,1,0,0,0,0,756,21,0,0,0,0,36,0,0,0,0,0,0,0,0,0,0,0
1,27,34,2232.37293848153,1,0,0,0,1,918,27,0,0,0,27,34,0,0,0,34,0,1,0,0,0,0,0
1,25,38,2232.35359203214,1,0,0,0,1,950,25,0,0,0,25,38,0,0,0,38,0,1,0,0,0,0,0
1,26,35,2233.77991054778,1,0,0,0,0,910,26,0,0,0,0,35,0,0,0,0,0,0,0,0,0,0,0
1,22,33,2234.61623916389,1,0,0,1,0,726,22,0,0,22,0,33,0,0,33,0,1,0,0,0,0,0,0
1,20,40,2317.07324371641,0,1,0,1,0,800,0,20,0,20,0,0,40,0,40,0,0,0,1,0,0,0,0
1,28,46,2301.55935267173,0,1,0,1,1,1288,0,28,0,28,28,0,46,0,46,46,0,0,1,1,0,0,1
1,28,30,2307.40168792397,0,1,0,0,1,840,0,28,0,0,28,0,30,0,0,30,0,0,0,1,0,0,0
1,27,44,2315.29403608015,0,1,0,1,0,1188,0,27,0,27,0,0,44,0,44,0,0,0,1,0,0,0,0
1,23,36,2233.78314654994,1,0,0,0,0,828,23,0,0,0,0,36,0,0,0,0,0,0,0,0,0,0,0
1,29,31,2307.29663481702,0,1,0,1,0,899,0,29,0,29,0,0,31,0,31,0,0,0,1,0,0,0,0
1,23,46,2313.14794453865,0,1,0,1,0,1058,0,23,0,23,0,0,46,0,46,0,0,0,1,0,0,0,0
1,23,37,2232.40715103115,1,0,0,1,1,851,23,0,0,23,23,37,0,0,37,37,1,1,0,0,0,0,1
1,22,40,2232.6474873682,1,0,0,1,1,880,22,0,0,22,22,40,0,0,40,40,1,1,0,0,0,0,1
1,24,31,2233.69307882906,1,0,0,0,0,744,24,0,0,0,0,31,0,0,0,0,0,0,0,0,0,0,0
1,21,44,2233.89084483224,1,0,0,1,0,924,21,0,0,21,0,44,0,0,44,0,1,0,0,0,0,0,0
1,26,50,2310.29041167826,0,1,0,1,1,1300,0,26,0,26,26,0,50,0,50,50,0,0,1,1,0,0,1
1,20,43,2316.54677151322,0,1,0,0,0,860,0,20,0,0,0,0,43,0,0,0,0,0,0,0,0,0,0
1,23,45,2228.60544791002,1,0,0,0,1,1035,23,0,0,0,23,45,0,0,0,45,0,1,0,0,0,0,0
1,25,49,2310.29229633921,0,1,0,1,1,1225,0,25,0,25,25,0,49,0,49,49,0,0,1,1,0,0,1
1,28,33,2225.54274243555,1,0,0,1,0,924,28,0,0,28,0,33,0,0,33,0,1,0,0,0,0,0,0
1,24,40,2231.74830858809,1,0,0,1,1,960,24,0,0,24,24,40,0,0,40,40,1,1,0,0,0,0,1
1,28,30,2224.18103103536,1,0,0,1,1,840,28,0,0,28,28,30,0,0,30,30,1,1,0,0,0,0,1
1,30,47,2301.5589553797,0,1,0,0,1,1410,0,30,0,0,30,0,47,0,0,47,0,0,0,1,0,0,0
1,30,45,2303.4662490485,0,1,0,1,1,1350,0,30,0,30,30,0,45,0,45,45,0,0,1,1,0,0,1
1,29,47,2304.39784755825,0,1,0,1,0,1363,0,29,0,29,0,0,47,0,47,0,0,0,1,0,0,0,0
1,23,45,2312.21396403369,0,1,0,0,1,1035,0,23,0,0,23,0,45,0,0,45,0,0,0,1,0,0,0
1,26,48,2310.29534604959,0,1,0,1,1,1248,0,26,0,26,26,0,48,0,48,48,0,0,1,1,0,0,1
1,20,31,2233.24321963597,1,0,0,0,1,620,20,0,0,0,20,31,0,0,0,31,0,1,0,0,0,0,0
1,26,47,2226.86126937902,1,0,0,1,1,1222,26,0,0,26,26,47,0,0,47,47,1,1,0,0,0,0,1
1,27,40,2316.10228279515,0,1,0,1,0,1080,0,27,0,27,0,0,40,0,40,0,0,0,1,0,0,0,0
1,25,48,2310.29209523385,0,1,0,0,1,1200,0,25,0,0,25,0,48,0,0,48,0,0,0,1,0,0,0
1,23,33,2316.16175529876,0,1,0,1,1,759,0,23,0,23,23,0,33,0,33,33,0,0,1,1,0,0,1
1,22,45,2229.50294462169,1,0,0,1,1,990,22,0,0,22,22,45,0,0,45,45,1,1,0,0,0,0,1
1,23,48,2226.86126937902,1,0,0,1,1,1104,23,0,0,23,23,48,0,0,48,48,1,1,0,0,0,0,1
1,30,37,2224.25064145458,1,0,0,1,1,1110,30,0,0,30,30,37,0,0,37,37,1,1,0,0,0,0,1
1,22,35,2233.28376646279,1,0,0,1,1,770,22,0,0,22,22,35,0,0,35,35,1,1,0,0,0,0,1
1,27,35,2233.77991054778,1,0,0,0,0,945,27,0,0,0,0,35,0,0,0,0,0,0,0,0,0,0,0
1,27,43,2228.86934037914,1,0,0,0,1,1161,27,0,0,0,27,43,0,0,0,43,0,1,0,0,0,0,0
1,24,48,2226.86126937902,1,0,0,0,1,1152,24,0,0,0,24,48,0,0,0,48,0,1,0,0,0,0,0
1,24,46,2310.29411408639,0,1,0,0,1,1104,0,24,0,0,24,0,46,0,0,46,0,0,0,1,0,0,0
1,20,31,2317.13847837419,0,1,0,0,1,620,0,20,0,0,20,0,31,0,0,31,0,0,0,1,0,0,0
1,25,44,2228.8048970086,1,0,0,1,1,1100,25,0,0,25,25,44,0,0,44,44,1,1,0,0,0,0,1
1,26,45,2315.29772345135,0,1,0,0,0,1170,0,26,0,0,0,0,45,0,0,0,0,0,0,0,0,0,0
1,21,46,2231.94586525968,1,0,0,1,0,966,21,0,0,21,0,46,0,0,46,0,1,0,0,0,0,0,0
1,24,33,2316.15715556666,0,1,0,0,1,792,0,24,0,0,24,0,33,0,0,33,0,0,0,1,0,0,0
1,28,50,2218.7359559411,1,0,0,1,1,1400,28,0,0,28,28,50,0,0,50,50,1,1,0,0,0,0,1
1,27,34,2232.37293848153,1,0,0,0,1,918,27,0,0,0,27,34,0,0,0,34,0,1,0,0,0,0,0
1,21,30,2317.03888776852,0,1,0,1,0,630,0,21,0,21,0,0,30,0,30,0,0,0,1,0,0,0,0
1,25,38,2316.15804879733,0,1,0,0,0,950,0,25,0,0,0,0,38,0,0,0,0,0,0,0,0,0,0
1,22,50,2311.2583769177,0,1,0,0,1,1100,0,22,0,0,22,0,50,0,0,50,0,0,0,1,0,0,0
1,28,45,2303.46588074537,0,1,0,0,1,1260,0,28,0,0,28,0,45,0,0,45,0,0,0,1,0,0,0
1,29,33,2307.31319325019,0,1,0,1,0,957,0,29,0,29,0,0,33,0,33,0,0,0,1,0,0,0,0
1,30,35,2224.22554780824,1,0,0,1,1,1050,30,0,0,30,30,35,0,0,35,35,1,1,0,0,0,0,1
1,22,42,2230.20696600058,1,0,0,0,1,924,22,0,0,0,22,42,0,0,0,42,0,1,0,0,0,0,0
1,28,43,2220.73159692412,1,0,0,1,1,1204,28,0,0,28,28,43,0,0,43,43,1,1,0,0,0,0,1
1,23,47,2310.29354290744,0,1,0,1,1,1081,0,23,0,23,23,0,47,0,47,47,0,0,1,1,0,0,1
1,23,42,2229.30914088483,1,0,0,0,1,966,23,0,0,0,23,42,0,0,0,42,0,1,0,0,0,0,0
1,21,44,2233.89084483224,1,0,0,1,0,924,21,0,0,21,0,44,0,0,44,0,1,0,0,0,0,0,0
1,30,41,2225.41242309272,1,0,0,1,0,1230,30,0,0,30,0,41,0,0,41,0,1,0,0,0,0,0,0
1,30,42,2225.27838302254,1,0,0,1,0,1260,30,0,0,30,0,42,0,0,42,0,1,0,0,0,0,0,0
1,24,41,2314.20180765908,0,1,0,1,1,984,0,24,0,24,24,0,41,0,41,41,0,0,1,1,0,0,1
1,25,35,2233.77991054778,1,0,0,0,0,875,25,0,0,0,0,35,0,0,0,0,0,0,0,0,0,0,0
1,29,44,2225.05966136124,1,0,0,0,0,1276,29,0,0,0,0,44,0,0,0,0,0,0,0,0,0,0,0
1,21,30,2233.24257904921,1,0,0,1,1,630,21,0,0,21,21,30,0,0,30,30,1,1,0,0,0,0,1
1,27,47,2310.29064790207,0,1,0,1,1,1269,0,27,0,27,27,0,47,0,47,47,0,0,1,1,0,0,1
1,27,38,2316.15620084533,0,1,0,1,0,1026,0,27,0,27,0,0,38,0,38,0,0,0,1,0,0,0,0
1,28,47,2222.89519356812,1,0,0,1,0,1316,28,0,0,28,0,47,0,0,47,0,1,0,0,0,0,0,0
1,29,36,2307.35916609623,0,1,0,1,0,1044,0,29,0,29,0,0,36,0,36,0,0,0,1,0,0,0,0
1,21,36,2317.09652647314,0,1,0,0,0,756,0,21,0,0,0,0,36,0,0,0,0,0,0,0,0,0,0
1,27,30,2316.16923709897,0,1,0,0,1,810,0,27,0,0,27,0,30,0,0,30,0,0,0,1,0,0,0
1,22,40,2316.48729182135,0,1,0,1,1,880,0,22,0,22,22,0,40,0,40,40,0,0,1,1,0,0,1
1,26,40,2315.51869108357,0,1,0,1,1,1040,0,26,0,26,26,0,40,0,40,40,0,0,1,1,0,0,1
1,27,39,2233.81586123254,1,0,0,1,0,1053,27,0,0,27,0,39,0,0,39,0,1,0,0,0,0,0,0
1,26,48,2313.38303252482,0,1,0,0,0,1248,0,26,0,0,0,0,48,0,0,0,0,0,0,0,0,0,0
1,29,48,2301.55863489084,0,1,0,0,1,1392,0,29,0,0,29,0,48,0,0,48,0,0,0,1,0,0,0
1,29,37,2225.68716673628,1,0,0,0,0,1073,29,0,0,0,0,37,0,0,0,0,0,0,0,0,0,0,0
1,23,49,2231.04467193817,1,0,0,1,0,1127,23,0,0,23,0,49,0,0,49,0,1,0,0,0,0,0,0
1,25,30,2316.07169908782,0,1,0,0,0,750,0,25,0,0,0,0,30,0,0,0,0,0,0,0,0,0,0
1,25,48,2310.29396085616,0,1,0,0,1,1200,0,25,0,0,25,0,48,0,0,48,0,0,0,1,0,0,0
1,24,33,2232.33971662254,1,0,0,0,1,792,24,0,0,0,24,33,0,0,0,33,0,1,0,0,0,0,0
1,26,35,2233.77812976188,1,0,0,1,0,910,26,0,0,26,0,35,0,0,35,0,1,0,0,0,0,0,0
1,26,41,2314.20115736513,0,1,0,0,1,1066,0,26,0,0,26,0,41,0,0,41,0,0,0,1,0,0,0
1,22,38,2234.74043111385,1,0,0,0,0,836,22,0,0,0,0,38,0,0,0,0,0,0,0,0,0,0,0
1,22,34,2234.66351884358,1,0,0,0,0,748,22,0,0,0,0,34,0,0,0,0,0,0,0,0,0,0,0
1,29,36,2224.21602550124,1,0,0,1,1,1044,29,0,0,29,29,36,0,0,36,36,1,1,0,0,0,0,1
1,27,40,2315.51791343144,0,1,0,0,1,1080,0,27,0,0,27,0,40,0,0,40,0,0,0,1,0,0,0
1,26,32,2232.33305866311,1,0,0,0,1,832,26,0,0,0,26,32,0,0,0,32,0,1,0,0,0,0,0
1,26,37,2233.85443782931,1,0,0,0,0,962,26,0,0,0,0,37,0,0,0,0,0,0,0,0,0,0,0
1,21,46,2314.34852517648,0,1,0,0,0,966,0,21,0,0,0,0,46,0,0,0,0,0,0,0,0,0,0
1,26,37,2316.18395601866,0,1,0,1,1,962,0,26,0,26,26,0,37,0,37,37,0,0,1,1,0,0,1
1,24,34,2316.11009536433,0,1,0,1,0,816,0,24,0,24,0,0,34,0,34,0,0,0,1,0,0,0,0
1,24,49,2310.29446073755,0,1,0,0,1,1176,0,24,0,0,24,0,49,0,0,49,0,0,0,1,0,0,0
1,21,49,2314.12454243672,0,1,0,1,0,1029,0,21,0,21,0,0,49,0,49,0,0,0,1,0,0,0,0
1,30,47,2301.55253784902,0,1,0,0,1,1410,0,30,0,0,30,0,47,0,0,47,0,0,0,1,0,0,0
1,26,34,2316.17828313663,0,1,0,1,1,884,0,26,0,26,26,0,34,0,34,34,0,0,1,1,0,0,1
1,20,35,3412.2814840919,0,0,1,0,0,700,0,0,20,0,0,0,0,35,0,0,0,0,0,0,0,0,0
1,20,36,3412.14199594833,0,0,1,0,0,720,0,0,20,0,0,0,0,36,0,0,0,0,0,0,0,0,0
1,20,36,3412.26838395165,0,0,1,1,1,720,0,0,20,20,20,0,0,36,36,36,0,0,0,0,1,1,1
1,20,42,3405.1100447425,0,0,1,0,1,840,0,0,20,0,20,0,0,42,0,42,0,0,0,0,0,1,0
1,20,42,3408.74707431817,0,0,1,1,0,840,0,0,20,20,0,0,0,42,42,0,0,0,0,0,1,0,0
1,20,43,3407.78969169032,0,0,1,1,0,860,0,0,20,20,0,0,0,43,43,0,0,0,0,0,1,0,0
1,20,44,3407.34219006297,0,0,1,0,0,880,0,0,20,0,0,0,0,44,0,0,0,0,0,0,0,0,0
1,20,44,3403.3373733181,0,0,1,1,1,880,0,0,20,20,20,0,0,44,44,44,0,0,0,0,1,1,1
1,20,45,3406.2831938217,0,0,1,1,0,900,0,0,20,20,0,0,0,45,45,0,0,0,0,0,1,0,0
1,20,48,3400.04172600806,0,0,1,0,1,960,0,0,20,0,20,0,0,48,0,48,0,0,0,0,0,1,0
1,20,49,3400.04172600806,0,0,1,1,1,980,0,0,20,20,20,0,0,49,49,49,0,0,0,0,1,1,1
1,20,50,3400.04172600806,0,0,1,0,1,1000,0,0,20,0,20,0,0,50,0,50,0,0,0,0,0,1,0
1,21,31,3413.71789236175,0,0,1,0,1,651,0,0,21,0,21,0,0,31,0,31,0,0,0,0,0,1,0
1,21,31,3413.53994043027,0,0,1,1,0,651,0,0,21,21,0,0,0,31,31,0,0,0,0,0,1,0,0
1,21,36,3412.26883748593,0,0,1,0,1,756,0,0,21,0,21,0,0,36,0,36,0,0,0,0,0,1,0
1,21,49,3404.04443917982,0,0,1,0,0,1029,0,0,21,0,0,0,0,49,0,0,0,0,0,0,0,0,0
1,21,50,3400.04172600806,0,0,1,1,1,1050,0,0,21,21,21,0,0,50,50,50,0,0,0,0,1,1,1
1,22,32,3413.50996066623,0,0,1,0,1,704,0,0,22,0,22,0,0,32,0,32,0,0,0,0,0,1,0
1,22,36,3412.15123115252,0,0,1,1,0,792,0,0,22,22,0,0,0,36,36,0,0,0,0,0,1,0,0
1,22,40,3411.2315546514,0,0,1,0,0,880,0,0,22,0,0,0,0,40,0,0,0,0,0,0,0,0,0
1,22,42,3408.74707431817,0,0,1,1,0,924,0,0,22,22,0,0,0,42,42,0,0,0,0,0,1,0,0
1,22,43,3408.09593383886,0,0,1,0,0,946,0,0,22,0,0,0,0,43,0,0,0,0,0,0,0,0,0
1,22,43,3404.09184965822,0,0,1,0,1,946,0,0,22,0,22,0,0,43,0,43,0,0,0,0,0,1,0
1,22,43,3404.09184965822,0,0,1,1,1,946,0,0,22,22,22,0,0,43,43,43,0,0,0,0,1,1,1
1,22,46,3400.04172600806,0,0,1,1,1,1012,0,0,22,22,22,0,0,46,46,46,0,0,0,0,1,1,1
1,22,49,3400.04172600806,0,0,1,0,1,1078,0,0,22,0,22,0,0,49,0,49,0,0,0,0,0,1,0
1,22,50,3404.04443917982,0,0,1,0,0,1100,0,0,22,0,0,0,0,50,0,0,0,0,0,0,0,0,0
1,23,30,3412.73306971817,0,0,1,1,0,690,0,0,23,23,0,0,0,30,30,0,0,0,0,0,1,0,0
1,23,31,3412.37473290975,0,0,1,1,1,713,0,0,23,23,23,0,0,31,31,31,0,0,0,0,1,1,1
1,23,32,3412.16691508028,0,0,1,1,1,736,0,0,23,23,23,0,0,32,32,32,0,0,0,0,1,1,1
1,23,35,3411.08234349193,0,0,1,0,1,805,0,0,23,0,23,0,0,35,0,35,0,0,0,0,0,1,0
1,23,39,3409.91348368012,0,0,1,1,1,897,0,0,23,23,23,0,0,39,39,39,0,0,0,0,1,1,1
1,23,40,3409.88945808095,0,0,1,0,0,920,0,0,23,0,0,0,0,40,0,0,0,0,0,0,0,0,0
1,24,34,3411.46079664052,0,0,1,0,1,816,0,0,24,0,24,0,0,34,0,34,0,0,0,0,0,1,0
1,24,38,3410.260970062,0,0,1,0,0,912,0,0,24,0,0,0,0,38,0,0,0,0,0,0,0,0,0
1,24,40,3409.88945808095,0,0,1,0,0,960,0,0,24,0,0,0,0,40,0,0,0,0,0,0,0,0,0
1,24,41,3407.75197667913,0,0,1,1,0,984,0,0,24,24,0,0,0,41,41,0,0,0,0,0,1,0,0
1,24,45,3401.24888124222,0,0,1,1,1,1080,0,0,24,24,24,0,0,45,45,45,0,0,0,0,1,1,1
1,24,48,3398.70575834095,0,0,1,1,1,1152,0,0,24,24,24,0,0,48,48,48,0,0,0,0,1,1,1
1,24,49,3402.40025571172,0,0,1,1,0,1176,0,0,24,24,0,0,0,49,49,0,0,0,0,0,1,0,0
1,25,31,3412.19704703239,0,0,1,1,0,775,0,0,25,25,0,0,0,31,31,0,0,0,0,0,1,0,0
1,25,33,3412.0558976955,0,0,1,1,1,825,0,0,25,25,25,0,0,33,33,33,0,0,0,0,1,1,1
1,25,37,3410.74241150153,0,0,1,0,0,925,0,0,25,0,0,0,0,37,0,0,0,0,0,0,0,0,0
1,25,46,3398.70575834095,0,0,1,1,1,1150,0,0,25,25,25,0,0,46,46,46,0,0,0,0,1,1,1
1,25,48,3398.70575834095,0,0,1,1,1,1200,0,0,25,25,25,0,0,48,48,48,0,0,0,0,1,1,1
1,26,34,3411.30909525393,0,0,1,0,0,884,0,0,26,0,0,0,0,34,0,0,0,0,0,0,0,0,0
1,26,39,3409.91383633912,0,0,1,0,1,1014,0,0,26,0,26,0,0,39,0,39,0,0,0,0,0,1,0
1,26,39,3409.98689944155,0,0,1,1,0,1014,0,0,26,26,0,0,0,39,39,0,0,0,0,0,1,0,0
1,26,41,3407.75197667913,0,0,1,1,0,1066,0,0,26,26,0,0,0,41,41,0,0,0,0,0,1,0,0
1,26,42,3407.4065169979,0,0,1,1,0,1092,0,0,26,26,0,0,0,42,42,0,0,0,0,0,1,0,0
1,26,43,3402.75383488467,0,0,1,0,1,1118,0,0,26,0,26,0,0,43,0,43,0,0,0,0,0,1,0
1,26,43,3406.44961527129,0,0,1,1,0,1118,0,0,26,26,0,0,0,43,43,0,0,0,0,0,1,0,0
1,26,44,3401.99987498019,0,0,1,1,1,1144,0,0,26,26,26,0,0,44,44,44,0,0,0,0,1,1,1
1,26,46,3402.70560833152,0,0,1,0,0,1196,0,0,26,0,0,0,0,46,0,0,0,0,0,0,0,0,0
1,26,46,3398.70575834095,0,0,1,0,1,1196,0,0,26,0,26,0,0,46,0,46,0,0,0,0,0,1,0
1,26,46,3402.40025571172,0,0,1,1,0,1196,0,0,26,26,0,0,0,46,46,0,0,0,0,0,1,0,0
1,26,47,3398.70575834095,0,0,1,0,1,1222,0,0,26,0,26,0,0,47,0,47,0,0,0,0,0,1,0
1,26,48,3402.70560833152,0,0,1,0,0,1248,0,0,26,0,0,0,0,48,0,0,0,0,0,0,0,0,0
1,26,50,3398.70575834095,0,0,1,0,1,1300,0,0,26,0,26,0,0,50,0,50,0,0,0,0,0,1,0
1,27,30,3412.92169797181,0,0,1,1,1,810,0,0,27,27,27,0,0,30,30,30,0,0,0,0,1,1,1
1,27,32,3411.98953474692,0,0,1,0,0,864,0,0,27,0,0,0,0,32,0,0,0,0,0,0,0,0,0
1,27,36,3410.92703503239,0,0,1,0,1,972,0,0,27,0,27,0,0,36,0,36,0,0,0,0,0,1,0
1,27,36,3410.9265820005,0,0,1,1,1,972,0,0,27,27,27,0,0,36,36,36,0,0,0,0,1,1,1
1,27,37,3410.74241150153,0,0,1,0,0,999,0,0,27,0,0,0,0,37,0,0,0,0,0,0,0,0,0
1,27,38,3410.260970062,0,0,1,0,0,1026,0,0,27,0,0,0,0,38,0,0,0,0,0,0,0,0,0
1,27,39,3409.98213702242,0,0,1,0,0,1053,0,0,27,0,0,0,0,39,0,0,0,0,0,0,0,0,0
1,27,41,3405.56923312862,0,0,1,1,1,1107,0,0,27,27,27,0,0,41,41,41,0,0,0,0,1,1,1
1,27,42,3407.71207310632,0,0,1,0,0,1134,0,0,27,0,0,0,0,42,0,0,0,0,0,0,0,0,0
1,27,42,3403.77145279283,0,0,1,0,1,1134,0,0,27,0,27,0,0,42,0,42,0,0,0,0,0,1,0
1,27,42,3407.4065169979,0,0,1,1,0,1134,0,0,27,27,0,0,0,42,42,0,0,0,0,0,1,0,0
1,27,43,3406.75505910618,0,0,1,0,0,1161,0,0,27,0,0,0,0,43,0,0,0,0,0,0,0,0,0
1,27,43,3402.75383488467,0,0,1,1,1,1161,0,0,27,27,27,0,0,43,43,43,0,0,0,0,1,1,1
1,27,49,3402.70560833152,0,0,1,0,0,1323,0,0,27,0,0,0,0,49,0,0,0,0,0,0,0,0,0
1,28,33,3401.73126458009,0,0,1,0,1,924,0,0,28,0,28,0,0,33,0,33,0,0,0,0,0,1,0
1,28,33,3401.73073673568,0,0,1,1,1,924,0,0,28,28,28,0,0,33,33,33,0,0,0,0,1,1,1
1,28,34,3401.13818399162,0,0,1,1,1,952,0,0,28,28,28,0,0,34,34,34,0,0,0,0,1,1,1
1,28,37,3400.43155010658,0,0,1,1,0,1036,0,0,28,28,0,0,0,37,37,0,0,0,0,0,1,0,0
1,28,38,3399.95157448125,0,0,1,1,0,1064,0,0,28,28,0,0,0,38,38,0,0,0,0,0,1,0,0
1,28,40,3399.54721887121,0,0,1,1,0,1120,0,0,28,28,0,0,0,40,40,0,0,0,0,0,1,0,0
1,28,40,3398.90905020426,0,0,1,1,1,1120,0,0,28,28,28,0,0,40,40,40,0,0,0,0,1,1,1
1,28,44,3391.71943987991,0,0,1,1,1,1232,0,0,28,28,28,0,0,44,44,44,0,0,0,0,1,1,1
1,28,48,3388.4388768167,0,0,1,1,1,1344,0,0,28,28,28,0,0,48,48,48,0,0,0,0,1,1,1
1,28,50,3388.4388768167,0,0,1,1,1,1400,0,0,28,28,28,0,0,50,50,50,0,0,0,0,1,1,1
1,29,33,3401.73126458009,0,0,1,0,1,957,0,0,29,0,29,0,0,33,0,33,0,0,0,0,0,1,0
1,29,37,3400.43155010658,0,0,1,1,0,1073,0,0,29,29,0,0,0,37,37,0,0,0,0,0,1,0,0
1,29,38,3399.95157448125,0,0,1,1,0,1102,0,0,29,29,0,0,0,38,38,0,0,0,0,0,1,0,0
1,29,40,3399.57262858887,0,0,1,0,0,1160,0,0,29,0,0,0,0,40,0,0,0,0,0,0,0,0,0
1,29,44,3395.70195551956,0,0,1,0,0,1276,0,0,29,0,0,0,0,44,0,0,0,0,0,0,0,0,0
1,29,47,3392.11536243809,0,0,1,1,0,1363,0,0,29,29,0,0,0,47,47,0,0,0,0,0,1,0,0
1,29,50,3392.41928232996,0,0,1,0,0,1450,0,0,29,0,0,0,0,50,0,0,0,0,0,0,0,0,0
1,29,50,3392.11536243809,0,0,1,1,0,1450,0,0,29,29,0,0,0,50,50,0,0,0,0,0,1,0,0
1,30,31,3401.85826616714,0,0,1,0,0,930,0,0,30,0,0,0,0,31,0,0,0,0,0,0,0,0,0
1,30,37,3400.49489319646,0,0,1,0,1,1110,0,0,30,0,30,0,0,37,0,37,0,0,0,0,0,1,0
1,30,37,3400.43155010658,0,0,1,1,0,1110,0,0,30,30,0,0,0,37,37,0,0,0,0,0,1,0,0
1,30,39,3399.66476686742,0,0,1,0,0,1170,0,0,30,0,0,0,0,39,0,0,0,0,0,0,0,0,0
1,30,41,3397.74734704848,0,0,1,0,0,1230,0,0,30,0,0,0,0,41,0,0,0,0,0,0,0,0,0
1,30,41,3395.27071523796,0,0,1,1,1,1230,0,0,30,30,30,0,0,41,41,41,0,0,0,0,1,1,1
1,30,43,3396.14779582139,0,0,1,1,0,1290,0,0,30,30,0,0,0,43,43,0,0,0,0,0,1,0,0
1,30,44,3395.70195551956,0,0,1,0,0,1320,0,0,30,0,0,0,0,44,0,0,0,0,0,0,0,0,0
1,30,47,3388.4388768167,0,0,1,0,1,1410,0,0,30,0,30,0,0,47,0,47,0,0,0,0,0,1,0
1,20,35,2996.98446010679,0,0,0,0,0,700,0,0,0,0,0,0,0,0,0,0,0,0,0,0,0,0,0
1,20,36,2996.90224837139,0,0,0,0,0,720,0,0,0,0,0,0,0,0,0,0,0,0,0,0,0,0,0
1,20,36,2996.89114564777,0,0,0,1,1,720,0,0,0,20,20,0,0,0,36,36,0,0,0,0,0,0,1
1,20,42,2990.44278197149,0,0,0,0,1,840,0,0,0,0,20,0,0,0,0,42,0,0,0,0,0,0,0
1,20,42,2994.07444323206,0,0,0,1,0,840,0,0,0,20,0,0,0,0,42,0,0,0,0,0,0,0,0
1,20,43,2993.12633953132,0,0,0,1,0,860,0,0,0,20,0,0,0,0,43,0,0,0,0,0,0,0,0
1,20,44,2992.97557587333,0,0,0,0,0,880,0,0,0,0,0,0,0,0,0,0,0,0,0,0,0,0,0
1,20,44,2988.95737988707,0,0,0,1,1,880,0,0,0,20,20,0,0,0,44,44,0,0,0,0,0,0,1
1,20,45,2992.10975504389,0,0,0,1,0,900,0,0,0,20,0,0,0,0,45,0,0,0,0,0,0,0,0
1,20,48,2986.22777573756,0,0,0,0,1,960,0,0,0,0,20,0,0,0,0,48,0,0,0,0,0,0,0
1,20,49,2986.22777573756,0,0,0,1,1,980,0,0,0,20,20,0,0,0,49,49,0,0,0,0,0,0,1
1,20,50,2986.22777573756,0,0,0,0,1,1000,0,0,0,0,20,0,0,0,0,50,0,0,0,0,0,0,0
1,21,31,2997.62207321496,0,0,0,0,1,651,0,0,0,0,21,0,0,0,0,31,0,0,0,0,0,0,0
1,21,31,2997.58795543519,0,0,0,1,0,651,0,0,0,21,0,0,0,0,31,0,0,0,0,0,0,0,0
1,21,36,2996.89159516555,0,0,0,0,1,756,0,0,0,0,21,0,0,0,0,36,0,0,0,0,0,0,0
1,21,49,2990.24341967999,0,0,0,0,0,1029,0,0,0,0,0,0,0,0,0,0,0,0,0,0,0,0,0
1,21,50,2986.22777573756,0,0,0,1,1,1050,0,0,0,21,21,0,0,0,50,50,0,0,0,0,0,0,1
1,22,32,2997.60700785003,0,0,0,0,1,704,0,0,0,0,22,0,0,0,0,32,0,0,0,0,0,0,0
1,22,36,2836.32590851899,0,0,0,1,0,792,0,0,0,22,0,0,0,0,36,0,0,0,0,0,0,0,0
1,22,40,2996.34449064779,0,0,0,0,0,880,0,0,0,0,0,0,0,0,0,0,0,0,0,0,0,0,0
1,22,42,2994.07444323206,0,0,0,1,0,924,0,0,0,22,0,0,0,0,42,0,0,0,0,0,0,0,0
1,22,43,2993.4629693099,0,0,0,0,0,946,0,0,0,0,0,0,0,0,0,0,0,0,0,0,0,0,0
1,22,43,2989.44536740298,0,0,0,0,1,946,0,0,0,0,22,0,0,0,0,43,0,0,0,0,0,0,0
1,22,43,2989.44536740298,0,0,0,1,1,946,0,0,0,22,22,0,0,0,43,43,0,0,0,0,0,0,1
1,22,46,2868.59775328093,0,0,0,1,1,1012,0,0,0,22,22,0,0,0,46,46,0,0,0,0,0,0,1
1,22,49,2986.22777573756,0,0,0,0,1,1078,0,0,0,0,22,0,0,0,0,49,0,0,0,0,0,0,0
1,22,50,2990.24341967999,0,0,0,0,0,1100,0,0,0,0,0,0,0,0,0,0,0,0,0,0,0,0,0
1,23,30,2996.53630828946,0,0,0,1,0,690,0,0,0,23,0,0,0,0,30,0,0,0,0,0,0,0,0
1,23,31,2996.56443378164,0,0,0,1,1,713,0,0,0,23,23,0,0,0,31,31,0,0,0,0,0,0,1
1,23,32,2996.54942423584,0,0,0,1,1,736,0,0,0,23,23,0,0,0,32,32,0,0,0,0,0,0,1
1,23,35,2995.92986960776,0,0,0,0,1,805,0,0,0,0,23,0,0,0,0,35,0,0,0,0,0,0,0
1,23,39,2995.19548924668,0,0,0,1,1,897,0,0,0,23,23,0,0,0,39,39,0,0,0,0,0,0,1
1,23,40,2995.28793301627,0,0,0,0,0,920,0,0,0,0,0,0,0,0,0,0,0,0,0,0,0,0,0
1,24,34,2996.16513122802,0,0,0,0,1,816,0,0,0,0,24,0,0,0,0,34,0,0,0,0,0,0,0
1,24,38,2995.54228918376,0,0,0,0,0,912,0,0,0,0,0,0,0,0,0,0,0,0,0,0,0,0,0
1,24,40,2995.28793301627,0,0,0,0,0,960,0,0,0,0,0,0,0,0,0,0,0,0,0,0,0,0,0
1,24,41,2993.33809243055,0,0,0,1,0,984,0,0,0,24,0,0,0,0,41,0,0,0,0,0,0,0,0
1,24,45,2987.37722440105,0,0,0,1,1,1080,0,0,0,24,24,0,0,0,45,45,0,0,0,0,0,0,1
1,24,48,2985.17590457326,0,0,0,1,1,1152,0,0,0,24,24,0,0,0,48,48,0,0,0,0,0,0,1
1,24,49,2988.8531274154,0,0,0,1,0,1176,0,0,0,24,0,0,0,0,49,0,0,0,0,0,0,0,0
1,25,31,2996.53057494634,0,0,0,1,0,775,0,0,0,25,0,0,0,0,31,0,0,0,0,0,0,0,0
1,25,33,2996.54780656245,0,0,0,1,1,825,0,0,0,25,25,0,0,0,33,33,0,0,0,0,0,0,1
1,25,37,2995.85323130973,0,0,0,0,0,925,0,0,0,0,0,0,0,0,0,0,0,0,0,0,0,0,0
1,25,46,2985.17590457326,0,0,0,1,1,1150,0,0,0,25,25,0,0,0,46,46,0,0,0,0,0,0,1
1,25,48,2985.17590457326,0,0,0,1,1,1200,0,0,0,25,25,0,0,0,48,48,0,0,0,0,0,0,1
1,26,34,2996.15567702715,0,0,0,0,0,884,0,0,0,0,0,0,0,0,0,0,0,0,0,0,0,0,0
1,26,39,2995.19585693793,0,0,0,0,1,1014,0,0,0,0,26,0,0,0,0,39,0,0,0,0,0,0,0
1,26,39,2995.36145322704,0,0,0,1,0,1014,0,0,0,26,0,0,0,0,39,0,0,0,0,0,0,0,0
1,26,41,2993.33809243055,0,0,0,1,0,1066,0,0,0,26,0,0,0,0,41,0,0,0,0,0,0,0,0
1,26,42,2993.01908407485,0,0,0,1,0,1092,0,0,0,26,0,0,0,0,42,0,0,0,0,0,0,0,0
1,26,43,2988.39238028089,0,0,0,0,1,1118,0,0,0,0,26,0,0,0,0,43,0,0,0,0,0,0,0
1,26,43,2992.07141459161,0,0,0,1,0,1118,0,0,0,26,0,0,0,0,43,0,0,0,0,0,0,0,0
1,26,44,2987.9046403279,0,0,0,1,1,1144,0,0,0,26,26,0,0,0,44,44,0,0,0,0,0,0,1
1,26,46,2989.18911447358,0,0,0,0,0,1196,0,0,0,0,0,0,0,0,0,0,0,0,0,0,0,0,0
1,26,46,2985.17590457326,0,0,0,0,1,1196,0,0,0,0,26,0,0,0,0,46,0,0,0,0,0,0,0
1,26,46,2988.8531274154,0,0,0,1,0,1196,0,0,0,26,0,0,0,0,46,0,0,0,0,0,0,0,0
1,26,47,2985.17590457326,0,0,0,0,1,1222,0,0,0,0,26,0,0,0,0,47,0,0,0,0,0,0,0
1,26,48,2989.18911447358,0,0,0,0,0,1248,0,0,0,0,0,0,0,0,0,0,0,0,0,0,0,0,0
1,26,50,2985.17590457326,0,0,0,0,1,1300,0,0,0,0,26,0,0,0,0,50,0,0,0,0,0,0,0
1,27,30,2996.58049963008,0,0,0,1,1,810,0,0,0,27,27,0,0,0,30,30,0,0,0,0,0,0,1
1,27,32,2996.51638046854,0,0,0,0,0,864,0,0,0,0,0,0,0,0,0,0,0,0,0,0,0,0,0
1,27,36,2995.83505613021,0,0,0,0,1,972,0,0,0,0,27,0,0,0,0,36,0,0,0,0,0,0,0
1,27,36,2995.83460705088,0,0,0,1,1,972,0,0,0,27,27,0,0,0,36,36,0,0,0,0,0,0,1
1,27,37,2995.85323130973,0,0,0,0,0,999,0,0,0,0,0,0,0,0,0,0,0,0,0,0,0,0,0
1,27,38,2829.25279789982,0,0,0,0,0,1026,0,0,0,0,0,0,0,0,0,0,0,0,0,0,0,0,0
1,27,39,2995.35799546246,0,0,0,0,0,1053,0,0,0,0,0,0,0,0,0,0,0,0,0,0,0,0,0
1,27,41,2991.14005910863,0,0,0,1,1,1107,0,0,0,27,27,0,0,0,41,41,0,0,0,0,0,0,1
1,27,42,2993.35533624551,0,0,0,0,0,1134,0,0,0,0,0,0,0,0,0,0,0,0,0,0,0,0,0
1,27,42,2989.38933575487,0,0,0,0,1,1134,0,0,0,0,27,0,0,0,0,42,0,0,0,0,0,0,0
1,27,42,2993.01908407485,0,0,0,1,0,1134,0,0,0,27,0,0,0,0,42,0,0,0,0,0,0,0,0
1,27,43,2992.40755076556,0,0,0,0,0,1161,0,0,0,0,0,0,0,0,0,0,0,0,0,0,0,0,0
1,27,43,2988.39238028089,0,0,0,1,1,1161,0,0,0,27,27,0,0,0,43,43,0,0,0,0,0,0,1
1,27,49,2989.18911447358,0,0,0,0,0,1323,0,0,0,0,0,0,0,0,0,0,0,0,0,0,0,0,0
1,28,33,2987.60625236342,0,0,0,0,1,924,0,0,0,0,28,0,0,0,0,33,0,0,0,0,0,0,0
1,28,33,2987.6057339591,0,0,0,1,1,924,0,0,0,28,28,0,0,0,33,33,0,0,0,0,0,0,1
1,28,34,2987.22491831516,0,0,0,1,1,952,0,0,0,28,28,0,0,0,34,34,0,0,0,0,0,0,1
1,28,37,2986.92306190518,0,0,0,1,0,1036,0,0,0,28,0,0,0,0,37,0,0,0,0,0,0,0,0
1,28,38,2986.61305526904,0,0,0,1,0,1064,0,0,0,28,0,0,0,0,38,0,0,0,0,0,0,0,0
1,28,40,2986.32324754157,0,0,0,1,0,1120,0,0,0,28,0,0,0,0,40,0,0,0,0,0,0,0,0
1,28,40,2985.66493068604,0,0,0,1,1,1120,0,0,0,28,28,0,0,0,40,40,0,0,0,0,0,0,1
1,28,44,2979.00276639746,0,0,0,1,1,1232,0,0,0,28,28,0,0,0,44,44,0,0,0,0,0,0,1
1,28,48,2976.28640049306,0,0,0,1,1,1344,0,0,0,28,28,0,0,0,48,48,0,0,0,0,0,0,1
1,28,50,2976.28640049306,0,0,0,1,1,1400,0,0,0,28,28,0,0,0,50,50,0,0,0,0,0,0,1
1,29,33,2987.60625236342,0,0,0,0,1,957,0,0,0,0,29,0,0,0,0,33,0,0,0,0,0,0,0
1,29,37,2986.92306190518,0,0,0,1,0,1073,0,0,0,29,0,0,0,0,37,0,0,0,0,0,0,0,0
1,29,38,2986.61305526904,0,0,0,1,0,1102,0,0,0,29,0,0,0,0,38,0,0,0,0,0,0,0,0
1,29,40,2986.35238439064,0,0,0,0,0,1160,0,0,0,0,0,0,0,0,0,0,0,0,0,0,0,0,0
1,29,44,2983.00052746013,0,0,0,0,0,1276,0,0,0,0,0,0,0,0,0,0,0,0,0,0,0,0,0
1,29,47,2979.94712411235,0,0,0,1,0,1363,0,0,0,29,0,0,0,0,47,0,0,0,0,0,0,0,0
1,29,50,2980.28160981956,0,0,0,0,0,1450,0,0,0,0,0,0,0,0,0,0,0,0,0,0,0,0,0
1,29,50,2979.94712411235,0,0,0,1,0,1450,0,0,0,29,0,0,0,0,50,0,0,0,0,0,0,0,0
1,30,31,2987.57793772075,0,0,0,0,0,930,0,0,0,0,0,0,0,0,0,0,0,0,0,0,0,0,0
1,30,37,2986.86755781846,0,0,0,0,1,1110,0,0,0,0,30,0,0,0,0,37,0,0,0,0,0,0,0
1,30,37,2986.92306190518,0,0,0,1,0,1110,0,0,0,30,0,0,0,0,37,0,0,0,0,0,0,0,0
1,30,39,2986.42202123385,0,0,0,0,0,1170,0,0,0,0,0,0,0,0,0,0,0,0,0,0,0,0,0
1,30,41,2984.74539653234,0,0,0,0,0,1230,0,0,0,0,0,0,0,0,0,0,0,0,0,0,0,0,0
1,30,41,2982.222149055,0,0,0,1,1,1230,0,0,0,30,30,0,0,0,41,41,0,0,0,0,0,0,1
1,30,43,2983.15062069735,0,0,0,1,0,1290,0,0,0,30,0,0,0,0,43,0,0,0,0,0,0,0,0
1,30,44,2983.00052746013,0,0,0,0,0,1320,0,0,0,0,0,0,0,0,0,0,0,0,0,0,0,0,0
1,30,47,2976.28640049306,0,0,0,0,1,1410,0,0,0,0,30,0,0,0,0,47,0,0,0,0,0,0,0
